epoch,train_loss,train_data_loss,train_char_acc,lr,val_loss,val_data_loss,val_char_acc,val_plate_acc,per_position_0,per_position_1,per_position_2,per_position_3,per_position_4,per_position_5,val_plate_acc_est_from_char,is_best,epoch_seconds
1,59.08039191579819,53.74620815372467,0.19716666666666666,0.05,75.07329119873047,65.62026538085938,0.19725,0.0,0.9105,0.0275,0.0515,0.046,0.084,0.064,0.0,1,25.93
2,60.86621576404571,49.3513650393486,0.20366666666666666,0.05,71.99794665527344,58.74749740600586,0.20841666666666667,0.0,0.9095,0.0335,0.0475,0.0905,0.092,0.0775,1e-06,1,26.514
3,64.1009816942215,48.96641439008713,0.202,0.05,81.23476092529297,64.10357250976563,0.20441666666666666,0.0,0.8925,0.038,0.0445,0.085,0.0895,0.077,1e-06,0,26.879
4,64.58831174087524,46.60008697605133,0.20633333333333334,0.05,78.08281365966796,59.69282092285156,0.20725,0.0,0.9105,0.0335,0.0365,0.089,0.094,0.08,1e-06,0,26.389
5,61.79332951927185,42.811330346345905,0.20533333333333334,0.05,78.64697869873046,59.873258911132815,0.21158333333333335,0.0,0.9075,0.0375,0.0615,0.0975,0.0915,0.074,1e-06,0,26.49
6,53.719179841041566,35.61174393197894,0.21341666666666667,0.05,71.46012030029297,53.85613067626953,0.1875,0.0,0.8075,0.0305,0.0445,0.0695,0.086,0.087,1e-06,1,26.409
7,47.77853309345245,31.072015344729646,0.2155,0.05,66.73083837890626,50.961197387695314,0.21425,0.0,0.9105,0.038,0.0745,0.0775,0.0895,0.0955,2e-06,1,26.529
8,46.75995357131958,30.786068906456,0.216,0.05,60.46281759643555,44.36690466308594,0.20666666666666667,0.0,0.9095,0.034,0.0655,0.08,0.0645,0.0865,1e-06,1,26.646
9,43.810459746837616,28.478100947998815,0.22175,0.05,61.44479266357422,46.645934020996094,0.20375,0.0,0.8935,0.027,0.0525,0.089,0.0875,0.073,1e-06,0,26.622
10,43.33184306001663,29.010038704092615,0.2215,0.05,60.13331234741211,46.077327850341796,0.20658333333333334,0.0,0.8895,0.033,0.0345,0.1025,0.0945,0.0855,1e-06,1,26.909
11,43.29612116527557,29.703381944076884,0.21658333333333332,0.05,61.316187896728515,48.08331970214844,0.21358333333333332,0.0,0.9095,0.032,0.0565,0.098,0.117,0.0685,1e-06,0,26.221
12,42.99635830926895,30.186558598846197,0.21708333333333332,0.05,58.004682067871094,45.6443076171875,0.19075,0.0,0.7905,0.032,0.063,0.0845,0.091,0.0835,1e-06,1,26.157
13,40.784632308959964,28.786741641292146,0.21866666666666668,0.05,60.85516845703125,49.23923883056641,0.18191666666666667,0.0,0.772,0.0305,0.053,0.0985,0.048,0.0895,1e-06,0,25.847
14,38.78181133174896,27.424588727295397,0.22033333333333333,0.05,53.67618579101563,42.40427416992188,0.20358333333333334,0.0,0.86,0.032,0.0555,0.0655,0.109,0.0995,1e-06,1,26.011
15,38.7628013882637,27.93373724831245,0.219,0.05,55.87791528320312,45.48070993041992,0.20116666666666666,0.0,0.8555,0.037,0.065,0.083,0.109,0.0575,1e-06,0,25.575
16,38.82993073606491,28.35776776338146,0.21933333333333332,0.05,52.58697549438477,42.214855590820314,0.2055,0.0,0.91,0.0315,0.0615,0.056,0.08,0.094,1e-06,1,25.545
17,36.89576787185669,26.786606737034397,0.22275,0.05,53.682285034179685,43.861613067626955,0.21316666666666667,0.0,0.91,0.0365,0.0745,0.093,0.0925,0.0725,2e-06,0,25.862
18,38.00636863470078,28.092522211767616,0.212,0.05,56.4160703125,46.570934692382814,0.20583333333333334,0.0,0.9085,0.029,0.0555,0.0835,0.0845,0.074,1e-06,0,25.734
19,40.559214021205904,29.850653434455396,0.21433333333333332,0.05,57.49832003784179,45.56704943847656,0.19775,0.0,0.848,0.034,0.0525,0.079,0.1,0.073,1e-06,0,26.574
20,41.574418175697325,29.860116486235405,0.21633333333333332,0.05,58.172715393066404,46.86529275512695,0.20741666666666667,0.0,0.899,0.031,0.06,0.085,0.0965,0.073,1e-06,0,25.928
21,37.54530848455429,26.507497076631406,0.221,0.05,54.8822607421875,44.06641906738281,0.19133333333333333,0.0,0.822,0.032,0.0645,0.067,0.0935,0.069,1e-06,0,25.997
22,37.18471222829819,26.291585506933217,0.21825,0.05,54.293970092773435,43.22141641235351,0.20791666666666667,0.0,0.91,0.033,0.041,0.092,0.078,0.0935,1e-06,0,25.853
23,34.75121569347382,23.50608156102663,0.21833333333333332,0.05,49.765312469482424,38.53665951538086,0.19683333333333333,0.0,0.8485,0.026,0.052,0.09,0.083,0.0815,1e-06,1,26.457
24,33.1895234913826,22.445901722514304,0.22358333333333333,0.05,49.92781851196289,39.51825354003906,0.21325,0.0,0.91,0.0355,0.061,0.094,0.0985,0.0805,1e-06,0,26.109
25,31.849515041828155,21.990354949493863,0.22216666666666668,0.05,43.67541110229492,34.25012957763672,0.20708333333333334,0.0,0.8855,0.0335,0.041,0.0865,0.101,0.095,1e-06,1,25.881
26,31.238274693965913,22.078819222852587,0.22491666666666665,0.05,44.537444244384766,35.643950592041016,0.2115,0.0,0.9105,0.0315,0.045,0.0925,0.093,0.0965,1e-06,0,26.088
27,29.143909285068514,20.6570102416873,0.225,0.05,43.559583984375,35.308805786132815,0.20883333333333334,0.0,0.8925,0.0335,0.0565,0.077,0.1005,0.093,1e-06,1,25.833
28,31.227196132183074,23.01097873183686,0.22308333333333333,0.05,49.967167602539064,41.43583367919922,0.20316666666666666,0.0,0.876,0.035,0.065,0.0635,0.1055,0.074,1e-06,0,25.887
29,34.058619826316836,25.555010206863283,0.21975,0.05,51.31175326538086,42.722035400390624,0.20358333333333334,0.0,0.904,0.0385,0.0545,0.082,0.0865,0.056,1e-06,0,25.527
30,33.412317399024964,25.050479256238773,0.22508333333333333,0.05,53.69678082275391,45.32375204467773,0.13216666666666665,0.0,0.451,0.039,0.0625,0.0835,0.079,0.078,1e-06,0,25.563
31,32.36350489139557,24.10802835770068,0.224,0.05,51.352984008789065,43.24134307861328,0.21166666666666667,0.0,0.9105,0.0275,0.08,0.0935,0.0935,0.065,1e-06,0,25.798
32,34.121577411174776,25.839413156270982,0.21775,0.05,51.62453692626953,43.183319458007816,0.20158333333333334,0.0,0.8625,0.0415,0.0465,0.0875,0.0885,0.083,1e-06,0,26.045
33,36.01838580417633,27.255098127006086,0.21741666666666667,0.05,52.68219165039063,43.88916186523438,0.19883333333333333,0.0,0.8635,0.0255,0.0665,0.077,0.087,0.0735,1e-06,0,25.998
34,35.956270560264585,26.468088612495464,0.21966666666666668,0.05,52.90545315551758,43.085037658691405,0.20583333333333334,0.0,0.908,0.035,0.0365,0.089,0.1045,0.062,1e-06,0,26.211
35,36.82601768684387,26.946728932545934,0.22091666666666668,0.05,52.5790549621582,42.403037200927734,0.20708333333333334,0.0,0.855,0.044,0.0685,0.0905,0.0975,0.087,2e-06,0,25.825
