exp,variant,n_seeds,seeds,patches_json,epochs_run_mean,planned_epochs,n_budget_exhausted,n_early_stopped,train_seconds_mean,num_parameters,test_char_acc_mean,test_char_acc_std,test_char_acc_values,test_plate_acc_mean,test_plate_acc_std,test_plate_acc_values,hard_test_char_acc_mean,hard_test_char_acc_std,hard_test_char_acc_values,hard_test_plate_acc_mean,hard_test_plate_acc_std,hard_test_plate_acc_values,synth_test_char_acc_mean,synth_test_char_acc_std,synth_test_char_acc_values,synth_test_plate_acc_mean,synth_test_plate_acc_std,synth_test_plate_acc_values,val_char_acc_mean,val_char_acc_std,val_char_acc_values,train_char_acc_mean,train_char_acc_std,train_char_acc_values
E1,independent,3,"[42, 43, 44]",{},35.33,80,0,3,397.23,6345420,0.943,0.004763,0.948500;0.940250;0.940250,0.7255,0.0175,0.745500;0.713000;0.718000,0.697528,0.011213,0.710250;0.689083;0.693250,0.263167,0.022855,0.289500;0.251500;0.248500,0.669222,0.008223,0.678500;0.662833;0.666333,0.046333,0.010563,0.058500;0.041000;0.039500,0.93875,0.005001,0.944500;0.936333;0.935417,0.950562,0.006369,0.957889;0.946352;0.947444
E1,shared,3,"[42, 43, 44]",{},58.33,80,0,2,313.21,1101260,0.86825,0.017643,0.867333;0.851083;0.886333,0.434333,0.064902,0.426000;0.374000;0.503000,0.6225,0.0187,0.628000;0.601667;0.637833,0.1265,0.026014,0.125500;0.101000;0.153000,0.432611,0.030455,0.416250;0.413833;0.467750,0.0035,0.004444,0.002000;0.000000;0.008500,0.865916,0.020532,0.864583;0.846083;0.887083,0.888389,0.020114,0.887556;0.868704;0.908907
E2,relu,3,"[42, 43, 44]",{},28.33,80,0,3,134.83,1101260,0.220722,0.001295,0.220333;0.222167;0.219667,0.0,0.0,0.000000;0.000000;0.000000,0.207722,0.00441,0.202917;0.211583;0.208667,0.0,0.0,0.000000;0.000000;0.000000,0.030972,0.000585,0.030417;0.030917;0.031583,0.0,0.0,0.000000;0.000000;0.000000,0.219222,0.000918,0.219167;0.218333;0.220167,0.222747,0.001051,0.221593;0.223000;0.223648
E2,sigmoid,3,"[42, 43, 44]",{},58.33,80,0,2,307.62,1101260,0.86825,0.017643,0.867333;0.851083;0.886333,0.434333,0.064902,0.426000;0.374000;0.503000,0.6225,0.0187,0.628000;0.601667;0.637833,0.1265,0.026014,0.125500;0.101000;0.153000,0.432611,0.030455,0.416250;0.413833;0.467750,0.0035,0.004444,0.002000;0.000000;0.008500,0.865916,0.020532,0.864583;0.846083;0.887083,0.888389,0.020114,0.887556;0.868704;0.908907
E3,cross_entropy,3,"[42, 43, 44]",{},58.33,80,0,2,309.75,1101260,0.86825,0.017643,0.867333;0.851083;0.886333,0.434333,0.064902,0.426000;0.374000;0.503000,0.6225,0.0187,0.628000;0.601667;0.637833,0.1265,0.026014,0.125500;0.101000;0.153000,0.432611,0.030455,0.416250;0.413833;0.467750,0.0035,0.004444,0.002000;0.000000;0.008500,0.865916,0.020532,0.864583;0.846083;0.887083,0.888389,0.020114,0.887556;0.868704;0.908907
E3,mse,3,"[42, 43, 44]",{},66.0,80,0,2,319.06,1101260,0.826694,0.016692,0.834083;0.838417;0.807583,0.244167,0.045081,0.264500;0.275500;0.192500,0.639611,0.014623,0.647250;0.648833;0.622750,0.088167,0.017961,0.100000;0.097000;0.067500,0.346417,0.040249,0.365583;0.373500;0.300167,0.000667,0.000289,0.001000;0.000500;0.000500,0.81525,0.014919,0.822583;0.825083;0.798083,0.830926,0.016355,0.839704;0.841019;0.812056
E4,e4n_batch_1,1,[42],{},35.0,80,0,1,916.07,1101260,0.212,0.0,0.212000,0.0,0.0,0.000000,0.192,0.0,0.192000,0.0,0.0,0.000000,0.029417,0.0,0.029417,0.0,0.0,0.000000,0.208833,0.0,0.208833,0.215583,0.0,0.215583
E4,e4n_batch_128,3,"[42, 43, 44]",{},76.0,80,0,1,78.18,1101260,0.823472,0.006216,0.829500;0.817083;0.823833,0.2795,0.011136,0.289500;0.267500;0.281500,0.608417,0.005264,0.609583;0.602667;0.613000,0.0925,0.007089,0.098000;0.084500;0.095000,0.385139,0.005574,0.383833;0.380333;0.391250,0.000833,0.000289,0.001000;0.001000;0.000500,0.819111,0.008252,0.826083;0.810000;0.821250,0.924694,0.003432,0.926333;0.920750;0.927000
E4,e4n_batch_32,3,"[42, 43, 44]",{},52.67,80,0,3,83.39,1101260,0.680278,0.024112,0.683417;0.654750;0.702667,0.073,0.02265,0.076000;0.049000;0.094000,0.474972,0.012539,0.482583;0.460500;0.481833,0.019667,0.004907,0.022500;0.014000;0.022500,0.258889,0.029505,0.265167;0.226750;0.284750,0.0,0.0,0.000000;0.000000;0.000000,0.678445,0.025233,0.686500;0.650167;0.698667,0.766667,0.03475,0.776417;0.728083;0.795500
E4,e4n_batch_64,3,"[42, 43, 44]",{},74.67,80,0,2,90.26,1101260,0.777861,0.007055,0.773500;0.774083;0.786000,0.195167,0.019444,0.182000;0.186000;0.217500,0.559972,0.002275,0.558917;0.562583;0.558417,0.062333,0.003215,0.061000;0.060000;0.066000,0.346694,0.017252,0.346417;0.329583;0.364083,0.0005,0.000866,0.000000;0.001500;0.000000,0.777222,0.004029,0.776667;0.773500;0.781500,0.883778,0.002035,0.881500;0.885417;0.884417
E4,e4n_batch_full,3,"[42, 43, 44]",{},80.0,80,0,0,65.05,1101260,0.641666,0.013593,0.656083;0.629083;0.639833,0.015833,0.003403,0.018500;0.012000;0.017000,0.487917,0.011138,0.500667;0.480083;0.483000,0.0055,0.001323,0.006500;0.004000;0.006000,0.185694,0.002637,0.188583;0.183417;0.185083,0.0,0.0,0.000000;0.000000;0.000000,0.634528,0.013522,0.650083;0.625583;0.627917,0.685889,0.01361,0.701250;0.675333;0.681083
E5,momentum_0,3,"[42, 43, 44]",{},80.0,80,0,0,418.13,1101260,0.890556,0.001713,0.891417;0.888583;0.891667,0.455,0.006265,0.461000;0.448500;0.455500,0.684111,0.002715,0.686000;0.681000;0.685333,0.156167,0.000764,0.155500;0.156000;0.157000,0.401083,0.001323,0.399583;0.401583;0.402083,0.002,0.0,0.002000;0.002000;0.002000,0.88325,0.000928,0.883417;0.882250;0.884083,0.898543,0.001118,0.899500;0.897315;0.898815
E5,momentum_09,3,"[42, 43, 44]",{},58.33,80,0,2,288.29,1101260,0.86825,0.017643,0.867333;0.851083;0.886333,0.434333,0.064902,0.426000;0.374000;0.503000,0.6225,0.0187,0.628000;0.601667;0.637833,0.1265,0.026014,0.125500;0.101000;0.153000,0.432611,0.030455,0.416250;0.413833;0.467750,0.0035,0.004444,0.002000;0.000000;0.008500,0.865916,0.020532,0.864583;0.846083;0.887083,0.888389,0.020114,0.887556;0.868704;0.908907
E6,l2_0,3,"[42, 43, 44]",{},74.33,80,0,2,343.39,1101260,0.872778,0.007341,0.878167;0.864417;0.875750,0.4535,0.019177,0.471000;0.433000;0.456500,0.624056,0.008748,0.629917;0.614000;0.628250,0.129667,0.012553,0.141500;0.116500;0.131000,0.457722,0.011166,0.466250;0.445083;0.461833,0.006167,0.001155,0.005500;0.007500;0.005500,0.868583,0.006538,0.871583;0.861083;0.873083,0.895222,0.008503,0.901037;0.885463;0.899167
E6,l2_1e-3,3,"[42, 43, 44]",{},70.33,80,0,3,338.18,1101260,0.890583,0.000601,0.890083;0.890417;0.891250,0.5035,0.006,0.503500;0.497500;0.509500,0.648139,0.005761,0.641500;0.651833;0.651083,0.1515,0.01021,0.140000;0.159500;0.155000,0.455667,0.010871,0.448417;0.450417;0.468167,0.005,0.001323,0.004500;0.006500;0.004000,0.886444,0.003584,0.882833;0.890000;0.886500,0.906025,0.003076,0.902574;0.907019;0.908481
E6,l2_1e-4,3,"[42, 43, 44]",{},58.33,80,0,2,344.36,1101260,0.86825,0.017643,0.867333;0.851083;0.886333,0.434333,0.064902,0.426000;0.374000;0.503000,0.6225,0.0187,0.628000;0.601667;0.637833,0.1265,0.026014,0.125500;0.101000;0.153000,0.432611,0.030455,0.416250;0.413833;0.467750,0.0035,0.004444,0.002000;0.000000;0.008500,0.865916,0.020532,0.864583;0.846083;0.887083,0.888389,0.020114,0.887556;0.868704;0.908907
E6,l2_1e-5,3,"[42, 43, 44]",{},67.67,80,0,3,398.94,1101260,0.869028,0.009827,0.873583;0.875750;0.857750,0.439833,0.021543,0.453500;0.451000;0.415000,0.62225,0.007959,0.622333;0.630167;0.614250,0.128333,0.012107,0.133500;0.137000;0.114500,0.438278,0.011437,0.442917;0.446667;0.425250,0.004833,0.002517,0.002500;0.007500;0.004500,0.8675,0.00866,0.872500;0.872500;0.857500,0.892587,0.008139,0.896815;0.897741;0.883204
E7,aug_none,3,"[42, 43, 44]",{},58.67,80,0,3,150.05,1101260,0.983583,0.00075,0.982833;0.984333;0.983583,0.917667,0.00401,0.913500;0.921500;0.918000,0.726417,0.000917,0.725500;0.726417;0.727333,0.3285,0.007089,0.320500;0.331000;0.334000,0.444972,0.007193,0.436667;0.449167;0.449083,0.0065,0.001323,0.008000;0.006000;0.005500,0.983778,0.000962,0.982667;0.984333;0.984333,1.0,0.0,1.000000;1.000000;1.000000
E7,aug_strong,3,"[42, 43, 44]",{},55.33,80,0,3,384.61,1101260,0.581972,0.00142,0.582750;0.580333;0.582833,0.0235,0.004359,0.028500;0.021500;0.020500,0.437778,0.003213,0.435083;0.441333;0.436917,0.0055,0.003122,0.009000;0.003000;0.004500,0.224417,0.010475,0.232167;0.228583;0.212500,0.0,0.0,0.000000;0.000000;0.000000,0.584611,0.002639,0.586417;0.581583;0.585833,0.596457,0.00526,0.601648;0.591130;0.596593
E7,aug_weak,3,"[42, 43, 44]",{},58.33,80,0,2,329.55,1101260,0.86825,0.017643,0.867333;0.851083;0.886333,0.434333,0.064902,0.426000;0.374000;0.503000,0.6225,0.0187,0.628000;0.601667;0.637833,0.1265,0.026014,0.125500;0.101000;0.153000,0.432611,0.030455,0.416250;0.413833;0.467750,0.0035,0.004444,0.002000;0.000000;0.008500,0.865916,0.020532,0.864583;0.846083;0.887083,0.888389,0.020114,0.887556;0.868704;0.908907
E8,size_24x96,3,"[42, 43, 44]",{},58.33,80,0,3,231.15,642508,0.864083,0.015705,0.851000;0.859750;0.881500,0.4235,0.050468,0.384500;0.405500;0.480500,0.625389,0.01574,0.613917;0.618917;0.643333,0.124833,0.025428,0.105000;0.116000;0.153500,0.451834,0.038043,0.427417;0.432417;0.495667,0.0055,0.004359,0.002500;0.003500;0.010500,0.860111,0.015328,0.847083;0.856250;0.877000,0.883124,0.016468,0.870463;0.877167;0.901741
E8,size_32x128,3,"[42, 43, 44]",{},58.33,80,0,2,292.37,1101260,0.86825,0.017643,0.867333;0.851083;0.886333,0.434333,0.064902,0.426000;0.374000;0.503000,0.6225,0.0187,0.628000;0.601667;0.637833,0.1265,0.026014,0.125500;0.101000;0.153000,0.432611,0.030455,0.416250;0.413833;0.467750,0.0035,0.004444,0.002000;0.000000;0.008500,0.865916,0.020532,0.864583;0.846083;0.887083,0.888389,0.020114,0.887556;0.868704;0.908907
E9,heads_24x34x5,3,"[42, 43, 44]",{},61.33,80,0,2,293.76,1098690,0.876695,0.012459,0.889167;0.864250;0.876667,0.466333,0.046651,0.515000;0.422000;0.462000,0.62525,0.006653,0.629500;0.617583;0.628667,0.137167,0.015011,0.152500;0.122500;0.136500,0.443278,0.029716,0.477500;0.428333;0.424000,0.005167,0.002466,0.008000;0.003500;0.004000,0.872778,0.013157,0.884250;0.858417;0.875667,0.896358,0.011776,0.908370;0.884833;0.895870
E9,heads_34x6,3,"[42, 43, 44]",{},58.33,80,0,2,295.75,1101260,0.86825,0.017643,0.867333;0.851083;0.886333,0.434333,0.064902,0.426000;0.374000;0.503000,0.6225,0.0187,0.628000;0.601667;0.637833,0.1265,0.026014,0.125500;0.101000;0.153000,0.432611,0.030455,0.416250;0.413833;0.467750,0.0035,0.004444,0.002000;0.000000;0.008500,0.865916,0.020532,0.864583;0.846083;0.887083,0.888389,0.020114,0.887556;0.868704;0.908907
