exp,variant,seed,run_name,commit,git_dirty,backend,device_name,epochs_run,best_epoch,early_stopped,train_seconds,wall_seconds,num_parameters,patches_json,test_char_acc,test_plate_acc,hard_test_char_acc,hard_test_plate_acc,synth_test_char_acc,synth_test_plate_acc,val_char_acc,train_char_acc,per_pos_test_1,per_pos_test_2,per_pos_test_3,per_pos_test_4,per_pos_test_5,per_pos_test_6
E2,sigmoid,,E2_sigmoid_s42,e4c15e1,True,cupy,NVIDIA GeForce RTX 4060 Laptop GPU,51,43,True,267.94,269.78,1101260,"{""model.activation"": ""sigmoid"", ""train.time_budget_seconds"": 1500.0}",0.867333,0.426,0.628,0.1255,0.056167,0.0,0.864583,0.887556,,,,,,
E2,sigmoid,,E2_sigmoid_s43,e4c15e1,True,cupy,NVIDIA GeForce RTX 4060 Laptop GPU,44,36,True,258.07,259.58,1101260,"{""model.activation"": ""sigmoid"", ""train.time_budget_seconds"": 1500.0}",0.851083,0.374,0.601667,0.101,0.061583,0.0,0.846083,0.868704,,,,,,
E2,sigmoid,,E2_sigmoid_s44,e4c15e1,True,cupy,NVIDIA GeForce RTX 4060 Laptop GPU,80,77,False,396.84,398.46,1101260,"{""model.activation"": ""sigmoid"", ""train.time_budget_seconds"": 1500.0}",0.886333,0.503,0.637833,0.153,0.0575,0.0,0.887083,0.908907,,,,,,
E2,relu,,E2_relu_s42,e4c15e1,True,cupy,NVIDIA GeForce RTX 4060 Laptop GPU,36,28,True,167.51,168.76,1101260,"{""model.activation"": ""relu"", ""train.time_budget_seconds"": 1500.0}",0.220333,0.0,0.202917,0.0,0.045417,0.0,0.219167,0.221593,,,,,,
E2,relu,,E2_relu_s43,e4c15e1,True,cupy,NVIDIA GeForce RTX 4060 Laptop GPU,28,20,True,133.61,135.17,1101260,"{""model.activation"": ""relu"", ""train.time_budget_seconds"": 1500.0}",0.222167,0.0,0.211583,0.0,0.044167,0.0,0.218333,0.223,,,,,,
E2,relu,,E2_relu_s44,e4c15e1,True,cupy,NVIDIA GeForce RTX 4060 Laptop GPU,21,13,True,103.37,104.85,1101260,"{""model.activation"": ""relu"", ""train.time_budget_seconds"": 1500.0}",0.219667,0.0,0.208667,0.0,0.044083,0.0,0.220167,0.223648,,,,,,
E5,momentum_0,,E5_momentum_0_s42,e4c15e1,True,cupy,NVIDIA GeForce RTX 4060 Laptop GPU,80,80,False,399.94,401.45,1101260,"{""optim.momentum"": 0.0, ""optim.learning_rate"": 0.01, ""train.time_budget_seconds"": 1500.0}",0.891417,0.461,0.686,0.1555,0.062083,0.0,0.883417,0.8995,,,,,,
E5,momentum_0,,E5_momentum_0_s43,e4c15e1,True,cupy,NVIDIA GeForce RTX 4060 Laptop GPU,80,80,False,459.5,460.97,1101260,"{""optim.momentum"": 0.0, ""optim.learning_rate"": 0.01, ""train.time_budget_seconds"": 1500.0}",0.888583,0.4485,0.681,0.156,0.060083,0.0,0.88225,0.897315,,,,,,
E5,momentum_0,,E5_momentum_0_s44,e4c15e1,True,cupy,NVIDIA GeForce RTX 4060 Laptop GPU,80,80,False,394.95,396.23,1101260,"{""optim.momentum"": 0.0, ""optim.learning_rate"": 0.01, ""train.time_budget_seconds"": 1500.0}",0.891667,0.4555,0.685333,0.157,0.061,0.0,0.884083,0.898815,,,,,,
E5,momentum_09,,E5_momentum_09_s42,e4c15e1,True,cupy,NVIDIA GeForce RTX 4060 Laptop GPU,51,43,True,259.44,260.7,1101260,"{""optim.momentum"": 0.9, ""train.time_budget_seconds"": 1500.0}",0.867333,0.426,0.628,0.1255,0.056167,0.0,0.864583,0.887556,,,,,,
E5,momentum_09,,E5_momentum_09_s43,e4c15e1,True,cupy,NVIDIA GeForce RTX 4060 Laptop GPU,44,36,True,221.27,222.78,1101260,"{""optim.momentum"": 0.9, ""train.time_budget_seconds"": 1500.0}",0.851083,0.374,0.601667,0.101,0.061583,0.0,0.846083,0.868704,,,,,,
E5,momentum_09,,E5_momentum_09_s44,e4c15e1,True,cupy,NVIDIA GeForce RTX 4060 Laptop GPU,80,77,False,384.15,385.59,1101260,"{""optim.momentum"": 0.9, ""train.time_budget_seconds"": 1500.0}",0.886333,0.503,0.637833,0.153,0.0575,0.0,0.887083,0.908907,,,,,,
E6,l2_0,,E6_l2_0_s42,e4c15e1,True,cupy,NVIDIA GeForce RTX 4060 Laptop GPU,77,69,True,336.88,338.38,1101260,"{""loss.l2_lambda"": 0.0, ""train.time_budget_seconds"": 1500.0}",0.878167,0.471,0.629917,0.1415,0.060583,0.0,0.871583,0.901037,,,,,,
E6,l2_0,,E6_l2_0_s43,e4c15e1,True,cupy,NVIDIA GeForce RTX 4060 Laptop GPU,66,58,True,299.24,300.72,1101260,"{""loss.l2_lambda"": 0.0, ""train.time_budget_seconds"": 1500.0}",0.864417,0.433,0.614,0.1165,0.060667,0.0,0.861083,0.885463,,,,,,
E6,l2_0,,E6_l2_0_s44,e4c15e1,True,cupy,NVIDIA GeForce RTX 4060 Laptop GPU,80,78,False,394.05,395.37,1101260,"{""loss.l2_lambda"": 0.0, ""train.time_budget_seconds"": 1500.0}",0.87575,0.4565,0.62825,0.131,0.060917,0.0,0.873083,0.899167,,,,,,
E6,l2_1e-5,,E6_l2_1e-5_s42,e4c15e1,True,cupy,NVIDIA GeForce RTX 4060 Laptop GPU,70,62,True,376.85,378.65,1101260,"{""loss.l2_lambda"": 1e-05, ""train.time_budget_seconds"": 1500.0}",0.873583,0.4535,0.622333,0.1335,0.055833,0.0,0.8725,0.896815,,,,,,
E6,l2_1e-5,,E6_l2_1e-5_s43,e4c15e1,True,cupy,NVIDIA GeForce RTX 4060 Laptop GPU,79,71,True,551.61,553.71,1101260,"{""loss.l2_lambda"": 1e-05, ""train.time_budget_seconds"": 1500.0}",0.87575,0.451,0.630167,0.137,0.064,0.0005,0.8725,0.897741,,,,,,
E6,l2_1e-5,,E6_l2_1e-5_s44,e4c15e1,True,cupy,NVIDIA GeForce RTX 4060 Laptop GPU,54,46,True,268.35,269.98,1101260,"{""loss.l2_lambda"": 1e-05, ""train.time_budget_seconds"": 1500.0}",0.85775,0.415,0.61425,0.1145,0.0655,0.0,0.8575,0.883204,,,,,,
E6,l2_1e-4,,E6_l2_1e-4_s42,e4c15e1,True,cupy,NVIDIA GeForce RTX 4060 Laptop GPU,51,43,True,363.99,365.71,1101260,"{""loss.l2_lambda"": 0.0001, ""train.time_budget_seconds"": 1500.0}",0.867333,0.426,0.628,0.1255,0.056167,0.0,0.864583,0.887556,,,,,,
E6,l2_1e-4,,E6_l2_1e-4_s43,e4c15e1,True,cupy,NVIDIA GeForce RTX 4060 Laptop GPU,44,36,True,285.56,287.15,1101260,"{""loss.l2_lambda"": 0.0001, ""train.time_budget_seconds"": 1500.0}",0.851083,0.374,0.601667,0.101,0.061583,0.0,0.846083,0.868704,,,,,,
E6,l2_1e-4,,E6_l2_1e-4_s44,e4c15e1,True,cupy,NVIDIA GeForce RTX 4060 Laptop GPU,80,77,False,383.52,385.0,1101260,"{""loss.l2_lambda"": 0.0001, ""train.time_budget_seconds"": 1500.0}",0.886333,0.503,0.637833,0.153,0.0575,0.0,0.887083,0.908907,,,,,,
E6,l2_1e-3,,E6_l2_1e-3_s42,e4c15e1,True,cupy,NVIDIA GeForce RTX 4060 Laptop GPU,67,59,True,319.87,321.24,1101260,"{""loss.l2_lambda"": 0.001, ""train.time_budget_seconds"": 1500.0}",0.890083,0.5035,0.6415,0.14,0.064333,0.0,0.882833,0.902574,,,,,,
E6,l2_1e-3,,E6_l2_1e-3_s43,e4c15e1,True,cupy,NVIDIA GeForce RTX 4060 Laptop GPU,68,60,True,321.57,322.98,1101260,"{""loss.l2_lambda"": 0.001, ""train.time_budget_seconds"": 1500.0}",0.890417,0.4975,0.651833,0.1595,0.063167,0.0,0.89,0.907019,,,,,,
E6,l2_1e-3,,E6_l2_1e-3_s44,e4c15e1,True,cupy,NVIDIA GeForce RTX 4060 Laptop GPU,76,68,True,373.09,374.42,1101260,"{""loss.l2_lambda"": 0.001, ""train.time_budget_seconds"": 1500.0}",0.89125,0.5095,0.651083,0.155,0.0595,0.0,0.8865,0.908481,,,,,,
